[{"pk": 11, "model": "contenttypes.contenttype", "fields": {"model": "cluster", "name": "cluster", "app_label": "rolemapper"}}, {"pk": 10, "model": "contenttypes.contenttype", "fields": {"model": "config", "name": "config", "app_label": "rolemapper"}}, {"pk": 5, "model": "contenttypes.contenttype", "fields": {"model": "contenttype", "name": "content type", "app_label": "contenttypes"}}, {"pk": 2, "model": "contenttypes.contenttype", "fields": {"model": "group", "name": "group", "app_label": "auth"}}, {"pk": 12, "model": "contenttypes.contenttype", "fields": {"model": "host", "name": "host", "app_label": "rolemapper"}}, {"pk": 13, "model": "contenttypes.contenttype", "fields": {"model": "kicktarget", "name": "kick target", "app_label": "rolemapper"}}, {"pk": 8, "model": "contenttypes.contenttype", "fields": {"model": "logentry", "name": "log entry", "app_label": "admin"}}, {"pk": 4, "model": "contenttypes.contenttype", "fields": {"model": "message", "name": "message", "app_label": "auth"}}, {"pk": 9, "model": "contenttypes.contenttype", "fields": {"model": "migrationhistory", "name": "migration history", "app_label": "south"}}, {"pk": 1, "model": "contenttypes.contenttype", "fields": {"model": "permission", "name": "permission", "app_label": "auth"}}, {"pk": 14, "model": "contenttypes.contenttype", "fields": {"model": "role", "name": "role", "app_label": "rolemapper"}}, {"pk": 15, "model": "contenttypes.contenttype", "fields": {"model": "rolemap", "name": "role map", "app_label": "rolemapper"}}, {"pk": 6, "model": "contenttypes.contenttype", "fields": {"model": "session", "name": "session", "app_label": "sessions"}}, {"pk": 7, "model": "contenttypes.contenttype", "fields": {"model": "site", "name": "site", "app_label": "sites"}}, {"pk": 3, "model": "contenttypes.contenttype", "fields": {"model": "user", "name": "user", "app_label": "auth"}}, {"pk": "66cbd193d671b4bdfe8779122d355001", "model": "sessions.session", "fields": {"expire_date": "2011-10-04 19:39:11", "session_data": "NmJjYzdlOWQxMGRmNGE1ZDcwM2NiNTZjODRhZTUxNjA4MTcyMDkyNzqAAn1xAShVEl9hdXRoX3Vz\nZXJfYmFja2VuZHECVSlkamFuZ28uY29udHJpYi5hdXRoLmJhY2tlbmRzLk1vZGVsQmFja2VuZHED\nVQ1fYXV0aF91c2VyX2lkcQRLAXUu\n"}}, {"pk": "6755bc9fe7941bc9ae1e366cca15eee3", "model": "sessions.session", "fields": {"expire_date": "2011-09-28 15:53:08", "session_data": "NmJjYzdlOWQxMGRmNGE1ZDcwM2NiNTZjODRhZTUxNjA4MTcyMDkyNzqAAn1xAShVEl9hdXRoX3Vz\nZXJfYmFja2VuZHECVSlkamFuZ28uY29udHJpYi5hdXRoLmJhY2tlbmRzLk1vZGVsQmFja2VuZHED\nVQ1fYXV0aF91c2VyX2lkcQRLAXUu\n"}}, {"pk": "1c1cec7558a63e041977ea356962311a", "model": "sessions.session", "fields": {"expire_date": "2011-09-21 12:24:49", "session_data": "NmJjYzdlOWQxMGRmNGE1ZDcwM2NiNTZjODRhZTUxNjA4MTcyMDkyNzqAAn1xAShVEl9hdXRoX3Vz\nZXJfYmFja2VuZHECVSlkamFuZ28uY29udHJpYi5hdXRoLmJhY2tlbmRzLk1vZGVsQmFja2VuZHED\nVQ1fYXV0aF91c2VyX2lkcQRLAXUu\n"}}, {"pk": "5fe78850d3a93f447fd8a5a4a7d9c515", "model": "sessions.session", "fields": {"expire_date": "2011-09-08 22:20:03", "session_data": "NmJjYzdlOWQxMGRmNGE1ZDcwM2NiNTZjODRhZTUxNjA4MTcyMDkyNzqAAn1xAShVEl9hdXRoX3Vz\nZXJfYmFja2VuZHECVSlkamFuZ28uY29udHJpYi5hdXRoLmJhY2tlbmRzLk1vZGVsQmFja2VuZHED\nVQ1fYXV0aF91c2VyX2lkcQRLAXUu\n"}}, {"pk": "daf57a4381bc33166bd3e90eb81920c9", "model": "sessions.session", "fields": {"expire_date": "2011-09-09 11:25:30", "session_data": "NmJjYzdlOWQxMGRmNGE1ZDcwM2NiNTZjODRhZTUxNjA4MTcyMDkyNzqAAn1xAShVEl9hdXRoX3Vz\nZXJfYmFja2VuZHECVSlkamFuZ28uY29udHJpYi5hdXRoLmJhY2tlbmRzLk1vZGVsQmFja2VuZHED\nVQ1fYXV0aF91c2VyX2lkcQRLAXUu\n"}}, {"pk": "0c3c09b044703773a7f31a6d0a3d4732", "model": "sessions.session", "fields": {"expire_date": "2011-09-13 16:58:44", "session_data": "NmJjYzdlOWQxMGRmNGE1ZDcwM2NiNTZjODRhZTUxNjA4MTcyMDkyNzqAAn1xAShVEl9hdXRoX3Vz\nZXJfYmFja2VuZHECVSlkamFuZ28uY29udHJpYi5hdXRoLmJhY2tlbmRzLk1vZGVsQmFja2VuZHED\nVQ1fYXV0aF91c2VyX2lkcQRLAXUu\n"}}, {"pk": "f4f9eb0f8c93dc00a4f4d6188a6174ad", "model": "sessions.session", "fields": {"expire_date": "2011-09-14 10:47:04", "session_data": "NmJjYzdlOWQxMGRmNGE1ZDcwM2NiNTZjODRhZTUxNjA4MTcyMDkyNzqAAn1xAShVEl9hdXRoX3Vz\nZXJfYmFja2VuZHECVSlkamFuZ28uY29udHJpYi5hdXRoLmJhY2tlbmRzLk1vZGVsQmFja2VuZHED\nVQ1fYXV0aF91c2VyX2lkcQRLAXUu\n"}}, {"pk": "ed32b3e5e91cee9bd9746995ca65d546", "model": "sessions.session", "fields": {"expire_date": "2011-09-14 10:48:26", "session_data": "NmJjYzdlOWQxMGRmNGE1ZDcwM2NiNTZjODRhZTUxNjA4MTcyMDkyNzqAAn1xAShVEl9hdXRoX3Vz\nZXJfYmFja2VuZHECVSlkamFuZ28uY29udHJpYi5hdXRoLmJhY2tlbmRzLk1vZGVsQmFja2VuZHED\nVQ1fYXV0aF91c2VyX2lkcQRLAXUu\n"}}, {"pk": "a5acb2b5eff7ae566d7fafd6842aa9fb", "model": "sessions.session", "fields": {"expire_date": "2011-09-23 12:04:11", "session_data": "NmJjYzdlOWQxMGRmNGE1ZDcwM2NiNTZjODRhZTUxNjA4MTcyMDkyNzqAAn1xAShVEl9hdXRoX3Vz\nZXJfYmFja2VuZHECVSlkamFuZ28uY29udHJpYi5hdXRoLmJhY2tlbmRzLk1vZGVsQmFja2VuZHED\nVQ1fYXV0aF91c2VyX2lkcQRLAXUu\n"}}, {"pk": "ff0899f26bfbf5b9a4b08fb606de602c", "model": "sessions.session", "fields": {"expire_date": "2011-09-26 09:14:02", "session_data": "NmJjYzdlOWQxMGRmNGE1ZDcwM2NiNTZjODRhZTUxNjA4MTcyMDkyNzqAAn1xAShVEl9hdXRoX3Vz\nZXJfYmFja2VuZHECVSlkamFuZ28uY29udHJpYi5hdXRoLmJhY2tlbmRzLk1vZGVsQmFja2VuZHED\nVQ1fYXV0aF91c2VyX2lkcQRLAXUu\n"}}, {"pk": "3ccac1af88b379c22233ddf173e0b22e", "model": "sessions.session", "fields": {"expire_date": "2011-09-26 10:00:10", "session_data": "NmJjYzdlOWQxMGRmNGE1ZDcwM2NiNTZjODRhZTUxNjA4MTcyMDkyNzqAAn1xAShVEl9hdXRoX3Vz\nZXJfYmFja2VuZHECVSlkamFuZ28uY29udHJpYi5hdXRoLmJhY2tlbmRzLk1vZGVsQmFja2VuZHED\nVQ1fYXV0aF91c2VyX2lkcQRLAXUu\n"}}, {"pk": "de1c48f25adcf770d830646ee693e4c5", "model": "sessions.session", "fields": {"expire_date": "2011-09-26 10:37:26", "session_data": "NmJjYzdlOWQxMGRmNGE1ZDcwM2NiNTZjODRhZTUxNjA4MTcyMDkyNzqAAn1xAShVEl9hdXRoX3Vz\nZXJfYmFja2VuZHECVSlkamFuZ28uY29udHJpYi5hdXRoLmJhY2tlbmRzLk1vZGVsQmFja2VuZHED\nVQ1fYXV0aF91c2VyX2lkcQRLAXUu\n"}}, {"pk": "c7831eae2a61f89721562112fcac8c94", "model": "sessions.session", "fields": {"expire_date": "2011-10-04 08:27:12", "session_data": "NmJjYzdlOWQxMGRmNGE1ZDcwM2NiNTZjODRhZTUxNjA4MTcyMDkyNzqAAn1xAShVEl9hdXRoX3Vz\nZXJfYmFja2VuZHECVSlkamFuZ28uY29udHJpYi5hdXRoLmJhY2tlbmRzLk1vZGVsQmFja2VuZHED\nVQ1fYXV0aF91c2VyX2lkcQRLAXUu\n"}}, {"pk": "011648e2453d41132f9cfef7dbf947fa", "model": "sessions.session", "fields": {"expire_date": "2011-10-04 08:53:04", "session_data": "NmJjYzdlOWQxMGRmNGE1ZDcwM2NiNTZjODRhZTUxNjA4MTcyMDkyNzqAAn1xAShVEl9hdXRoX3Vz\nZXJfYmFja2VuZHECVSlkamFuZ28uY29udHJpYi5hdXRoLmJhY2tlbmRzLk1vZGVsQmFja2VuZHED\nVQ1fYXV0aF91c2VyX2lkcQRLAXUu\n"}}, {"pk": 1, "model": "sites.site", "fields": {"domain": "example.com", "name": "example.com"}}, {"pk": 116, "model": "admin.logentry", "fields": {"action_flag": 2, "action_time": "2011-09-20 19:58:59", "object_repr": "mysql_root_password", "object_id": "1013", "change_message": "Changed value.", "user": 1, "content_type": 10}}, {"pk": 115, "model": "admin.logentry", "fields": {"action_flag": 2, "action_time": "2011-09-20 19:58:59", "object_repr": "mysql_nova_password", "object_id": "1012", "change_message": "Changed value.", "user": 1, "content_type": 10}}, {"pk": 114, "model": "admin.logentry", "fields": {"action_flag": 1, "action_time": "2011-09-20 19:57:42", "object_repr": "package_component", "object_id": "1097", "change_message": "", "user": 1, "content_type": 10}}, {"pk": 113, "model": "admin.logentry", "fields": {"action_flag": 2, "action_time": "2011-09-20 19:57:01", "object_repr": "vncproxy_host", "object_id": "1021", "change_message": "Changed value.", "user": 1, "content_type": 10}}, {"pk": 112, "model": "admin.logentry", "fields": {"action_flag": 2, "action_time": "2011-09-20 19:57:01", "object_repr": "vmnet_vlan", "object_id": "1027", "change_message": "Changed value.", "user": 1, "content_type": 10}}, {"pk": 111, "model": "admin.logentry", "fields": {"action_flag": 2, "action_time": "2011-09-20 19:57:01", "object_repr": "vmnet_netmask", "object_id": "1075", "change_message": "Changed value.", "user": 1, "content_type": 10}}, {"pk": 110, "model": "admin.logentry", "fields": {"action_flag": 2, "action_time": "2011-09-20 19:57:01", "object_repr": "vmnet_gateway", "object_id": "1072", "change_message": "Changed value.", "user": 1, "content_type": 10}}, {"pk": 109, "model": "admin.logentry", "fields": {"action_flag": 2, "action_time": "2011-09-20 19:57:01", "object_repr": "rabbitmq_vip", "object_id": "1022", "change_message": "Changed value.", "user": 1, "content_type": 10}}, {"pk": 108, "model": "admin.logentry", "fields": {"action_flag": 2, "action_time": "2011-09-20 19:57:01", "object_repr": "mysql_vip", "object_id": "1018", "change_message": "Changed value.", "user": 1, "content_type": 10}}, {"pk": 107, "model": "admin.logentry", "fields": {"action_flag": 2, "action_time": "2011-09-20 19:55:14", "object_repr": "package_repo", "object_id": "1064", "change_message": "Changed value.", "user": 1, "content_type": 10}}, {"pk": 106, "model": "admin.logentry", "fields": {"action_flag": 2, "action_time": "2011-09-20 19:55:14", "object_repr": "network_size", "object_id": "1095", "change_message": "Changed value.", "user": 1, "content_type": 10}}, {"pk": 105, "model": "admin.logentry", "fields": {"action_flag": 2, "action_time": "2011-09-20 19:55:14", "object_repr": "mysql_vip", "object_id": "1018", "change_message": "Changed value.", "user": 1, "content_type": 10}}, {"pk": 104, "model": "admin.logentry", "fields": {"action_flag": 2, "action_time": "2011-09-20 19:55:14", "object_repr": "mgmt_vlan", "object_id": "1068", "change_message": "Changed value.", "user": 1, "content_type": 10}}, {"pk": 103, "model": "admin.logentry", "fields": {"action_flag": 2, "action_time": "2011-09-20 19:55:14", "object_repr": "mgmt_netmask", "object_id": "1074", "change_message": "Changed value.", "user": 1, "content_type": 10}}, {"pk": 102, "model": "admin.logentry", "fields": {"action_flag": 2, "action_time": "2011-09-20 19:55:14", "object_repr": "mgmt_gateway", "object_id": "1073", "change_message": "Changed value.", "user": 1, "content_type": 10}}, {"pk": 101, "model": "admin.logentry", "fields": {"action_flag": 2, "action_time": "2011-09-20 19:55:14", "object_repr": "max_cores", "object_id": "1061", "change_message": "Changed value.", "user": 1, "content_type": 10}}, {"pk": 100, "model": "admin.logentry", "fields": {"action_flag": 2, "action_time": "2011-09-20 19:55:14", "object_repr": "glance_vip", "object_id": "1020", "change_message": "Changed value.", "user": 1, "content_type": 10}}, {"pk": 99, "model": "admin.logentry", "fields": {"action_flag": 2, "action_time": "2011-09-20 19:55:13", "object_repr": "floating_range", "object_id": "1009", "change_message": "Changed value.", "user": 1, "content_type": 10}}, {"pk": 98, "model": "admin.logentry", "fields": {"action_flag": 2, "action_time": "2011-09-20 19:55:13", "object_repr": "flat_interface", "object_id": "1000", "change_message": "Changed value.", "user": 1, "content_type": 10}}, {"pk": 97, "model": "admin.logentry", "fields": {"action_flag": 2, "action_time": "2011-09-20 19:55:13", "object_repr": "fixed_range", "object_id": "1007", "change_message": "Changed value.", "user": 1, "content_type": 10}}, {"pk": 96, "model": "admin.logentry", "fields": {"action_flag": 2, "action_time": "2011-09-20 19:55:13", "object_repr": "dhcp_start", "object_id": "1008", "change_message": "Changed value.", "user": 1, "content_type": 10}}, {"pk": 95, "model": "admin.logentry", "fields": {"action_flag": 2, "action_time": "2011-09-20 19:55:13", "object_repr": "api_vip", "object_id": "1019", "change_message": "Changed value.", "user": 1, "content_type": 10}}, {"pk": 94, "model": "admin.logentry", "fields": {"action_flag": 2, "action_time": "2011-09-20 19:55:13", "object_repr": "api_dmz_ip", "object_id": "1096", "change_message": "Changed value.", "user": 1, "content_type": 10}}, {"pk": 93, "model": "admin.logentry", "fields": {"action_flag": 2, "action_time": "2011-09-20 19:51:04", "object_repr": "webservice_host", "object_id": "3", "change_message": "Changed value.", "user": 1, "content_type": 10}}, {"pk": 92, "model": "admin.logentry", "fields": {"action_flag": 2, "action_time": "2011-09-20 19:51:04", "object_repr": "swift_hash_suffix", "object_id": "1024", "change_message": "Changed value.", "user": 1, "content_type": 10}}, {"pk": 91, "model": "admin.logentry", "fields": {"action_flag": 2, "action_time": "2011-09-20 19:51:04", "object_repr": "swauth_super_admin_key", "object_id": "1026", "change_message": "Changed value.", "user": 1, "content_type": 10}}, {"pk": 90, "model": "admin.logentry", "fields": {"action_flag": 2, "action_time": "2011-09-20 19:51:04", "object_repr": "root_password", "object_id": "1014", "change_message": "Changed value.", "user": 1, "content_type": 10}}, {"pk": 89, "model": "admin.logentry", "fields": {"action_flag": 2, "action_time": "2011-09-20 19:51:04", "object_repr": "puppet_server", "object_id": "6", "change_message": "Changed value.", "user": 1, "content_type": 10}}, {"pk": 88, "model": "admin.logentry", "fields": {"action_flag": 2, "action_time": "2011-09-20 19:51:04", "object_repr": "nova_admin_password", "object_id": "1011", "change_message": "Changed value.", "user": 1, "content_type": 10}}, {"pk": 87, "model": "admin.logentry", "fields": {"action_flag": 2, "action_time": "2011-09-20 19:51:04", "object_repr": "nameserver", "object_id": "4", "change_message": "Changed value.", "user": 1, "content_type": 10}}, {"pk": 86, "model": "admin.logentry", "fields": {"action_flag": 2, "action_time": "2011-09-20 19:51:04", "object_repr": "mysql_root_password", "object_id": "1013", "change_message": "Changed value.", "user": 1, "content_type": 10}}, {"pk": 85, "model": "admin.logentry", "fields": {"action_flag": 2, "action_time": "2011-09-20 19:51:04", "object_repr": "mysql_nova_password", "object_id": "1012", "change_message": "Changed value.", "user": 1, "content_type": 10}}, {"pk": 84, "model": "admin.logentry", "fields": {"action_flag": 2, "action_time": "2011-09-20 19:51:04", "object_repr": "gateway", "object_id": "5", "change_message": "Changed value.", "user": 1, "content_type": 10}}, {"pk": 83, "model": "admin.logentry", "fields": {"action_flag": 3, "action_time": "2011-09-20 19:46:04", "object_repr": "test", "object_id": "1", "change_message": "", "user": 1, "content_type": 11}}, {"pk": 82, "model": "admin.logentry", "fields": {"action_flag": 2, "action_time": "2011-09-20 19:45:40", "object_repr": "example", "object_id": "6", "change_message": "Changed short_name, display_name and claim.", "user": 1, "content_type": 11}}, {"pk": 81, "model": "admin.logentry", "fields": {"action_flag": 3, "action_time": "2011-09-20 19:44:57", "object_repr": "dev_mode", "object_id": "1097", "change_message": "", "user": 1, "content_type": 10}}, {"pk": 80, "model": "admin.logentry", "fields": {"action_flag": 3, "action_time": "2011-09-20 19:44:15", "object_repr": "cloudkick_tags", "object_id": "1017", "change_message": "", "user": 1, "content_type": 10}}, {"pk": 79, "model": "admin.logentry", "fields": {"action_flag": 3, "action_time": "2011-09-20 19:44:15", "object_repr": "cloudkick_secret", "object_id": "1015", "change_message": "", "user": 1, "content_type": 10}}, {"pk": 78, "model": "admin.logentry", "fields": {"action_flag": 3, "action_time": "2011-09-20 19:44:15", "object_repr": "cloudkick_key", "object_id": "1016", "change_message": "", "user": 1, "content_type": 10}}, {"pk": 76, "model": "admin.logentry", "fields": {"action_flag": 2, "action_time": "2011-09-14 15:56:30", "object_repr": "364265-hyp2.ord1.rvi.local", "object_id": "2", "change_message": "Changed local_boot.", "user": 1, "content_type": 12}}, {"pk": 77, "model": "admin.logentry", "fields": {"action_flag": 2, "action_time": "2011-09-14 15:56:30", "object_repr": "364270-hyp3.ord1.rvi.local", "object_id": "3", "change_message": "Changed local_boot.", "user": 1, "content_type": 12}}, {"pk": 75, "model": "admin.logentry", "fields": {"action_flag": 2, "action_time": "2011-09-12 10:03:20", "object_repr": "puppet_server", "object_id": "6", "change_message": "Changed value.", "user": 1, "content_type": 10}}, {"pk": 73, "model": "admin.logentry", "fields": {"action_flag": 2, "action_time": "2011-09-12 09:25:29", "object_repr": "364265-hyp2.ord1.rvi.local", "object_id": "2", "change_message": "Changed local_boot.", "user": 1, "content_type": 12}}, {"pk": 74, "model": "admin.logentry", "fields": {"action_flag": 2, "action_time": "2011-09-12 09:25:29", "object_repr": "364270-hyp3.ord1.rvi.local", "object_id": "3", "change_message": "Changed local_boot.", "user": 1, "content_type": 12}}, {"pk": 72, "model": "admin.logentry", "fields": {"action_flag": 1, "action_time": "2011-09-12 09:25:12", "object_repr": "364270-hyp3.ord1.rvi.local", "object_id": "3", "change_message": "", "user": 1, "content_type": 12}}, {"pk": 71, "model": "admin.logentry", "fields": {"action_flag": 1, "action_time": "2011-09-12 09:23:39", "object_repr": "364265-hyp2.ord1.rvi.local", "object_id": "2", "change_message": "", "user": 1, "content_type": 12}}, {"pk": 70, "model": "admin.logentry", "fields": {"action_flag": 1, "action_time": "2011-09-12 09:21:49", "object_repr": "364263-hyp1.ord1.rvi.local", "object_id": "1", "change_message": "", "user": 1, "content_type": 12}}, {"pk": 62, "model": "admin.logentry", "fields": {"action_flag": 2, "action_time": "2011-09-12 09:18:12", "object_repr": "gateway", "object_id": "5", "change_message": "Changed value.", "user": 1, "content_type": 10}}, {"pk": 63, "model": "admin.logentry", "fields": {"action_flag": 2, "action_time": "2011-09-12 09:18:12", "object_repr": "glance_vip", "object_id": "1020", "change_message": "Changed value.", "user": 1, "content_type": 10}}, {"pk": 64, "model": "admin.logentry", "fields": {"action_flag": 2, "action_time": "2011-09-12 09:18:12", "object_repr": "mgmt_vlan", "object_id": "1068", "change_message": "Changed value.", "user": 1, "content_type": 10}}, {"pk": 65, "model": "admin.logentry", "fields": {"action_flag": 2, "action_time": "2011-09-12 09:18:12", "object_repr": "mysql_vip", "object_id": "1018", "change_message": "Changed value.", "user": 1, "content_type": 10}}, {"pk": 66, "model": "admin.logentry", "fields": {"action_flag": 2, "action_time": "2011-09-12 09:18:12", "object_repr": "rabbitmq_vip", "object_id": "1022", "change_message": "Changed value.", "user": 1, "content_type": 10}}, {"pk": 67, "model": "admin.logentry", "fields": {"action_flag": 2, "action_time": "2011-09-12 09:18:12", "object_repr": "vmnet_vlan", "object_id": "1027", "change_message": "Changed value.", "user": 1, "content_type": 10}}, {"pk": 68, "model": "admin.logentry", "fields": {"action_flag": 2, "action_time": "2011-09-12 09:18:12", "object_repr": "vncproxy_host", "object_id": "1021", "change_message": "Changed value.", "user": 1, "content_type": 10}}, {"pk": 69, "model": "admin.logentry", "fields": {"action_flag": 2, "action_time": "2011-09-12 09:18:12", "object_repr": "webservice_host", "object_id": "3", "change_message": "Changed value.", "user": 1, "content_type": 10}}, {"pk": 59, "model": "admin.logentry", "fields": {"action_flag": 2, "action_time": "2011-09-12 09:18:11", "object_repr": "api_vip", "object_id": "1019", "change_message": "Changed value.", "user": 1, "content_type": 10}}, {"pk": 60, "model": "admin.logentry", "fields": {"action_flag": 2, "action_time": "2011-09-12 09:18:11", "object_repr": "flat_interface", "object_id": "1000", "change_message": "Changed value.", "user": 1, "content_type": 10}}, {"pk": 61, "model": "admin.logentry", "fields": {"action_flag": 2, "action_time": "2011-09-12 09:18:11", "object_repr": "floating_range", "object_id": "1009", "change_message": "Changed value.", "user": 1, "content_type": 10}}, {"pk": 58, "model": "admin.logentry", "fields": {"action_flag": 3, "action_time": "2011-09-09 12:04:53", "object_repr": "test", "object_id": "1", "change_message": "", "user": 1, "content_type": 11}}, {"pk": 54, "model": "admin.logentry", "fields": {"action_flag": 3, "action_time": "2011-09-07 12:26:49", "object_repr": "compute1", "object_id": "2", "change_message": "", "user": 1, "content_type": 12}}, {"pk": 55, "model": "admin.logentry", "fields": {"action_flag": 3, "action_time": "2011-09-07 12:26:49", "object_repr": "compute2", "object_id": "3", "change_message": "", "user": 1, "content_type": 12}}, {"pk": 56, "model": "admin.logentry", "fields": {"action_flag": 3, "action_time": "2011-09-07 12:26:49", "object_repr": "compute3", "object_id": "4", "change_message": "", "user": 1, "content_type": 12}}, {"pk": 57, "model": "admin.logentry", "fields": {"action_flag": 3, "action_time": "2011-09-07 12:26:49", "object_repr": "infra1", "object_id": "1", "change_message": "", "user": 1, "content_type": 12}}, {"pk": 53, "model": "admin.logentry", "fields": {"action_flag": 3, "action_time": "2011-09-07 12:26:36", "object_repr": "test", "object_id": "1", "change_message": "", "user": 1, "content_type": 11}}, {"pk": 49, "model": "admin.logentry", "fields": {"action_flag": 2, "action_time": "2011-08-31 11:18:02", "object_repr": "compute1", "object_id": "2", "change_message": "Changed local_boot.", "user": 1, "content_type": 12}}, {"pk": 50, "model": "admin.logentry", "fields": {"action_flag": 2, "action_time": "2011-08-31 11:18:02", "object_repr": "compute2", "object_id": "3", "change_message": "Changed local_boot.", "user": 1, "content_type": 12}}, {"pk": 51, "model": "admin.logentry", "fields": {"action_flag": 2, "action_time": "2011-08-31 11:18:02", "object_repr": "compute3", "object_id": "4", "change_message": "Changed local_boot.", "user": 1, "content_type": 12}}, {"pk": 52, "model": "admin.logentry", "fields": {"action_flag": 2, "action_time": "2011-08-31 11:18:02", "object_repr": "infra1", "object_id": "1", "change_message": "Changed local_boot.", "user": 1, "content_type": 12}}, {"pk": 48, "model": "admin.logentry", "fields": {"action_flag": 2, "action_time": "2011-08-30 14:19:30", "object_repr": "dhcp_start", "object_id": "1008", "change_message": "Changed value.", "user": 1, "content_type": 10}}, {"pk": 47, "model": "admin.logentry", "fields": {"action_flag": 2, "action_time": "2011-08-26 12:22:13", "object_repr": "compute3", "object_id": "4", "change_message": "Changed mac_address.", "user": 1, "content_type": 12}}, {"pk": 46, "model": "admin.logentry", "fields": {"action_flag": 2, "action_time": "2011-08-26 11:41:17", "object_repr": "compute2", "object_id": "3", "change_message": "Changed mac_address.", "user": 1, "content_type": 12}}, {"pk": 45, "model": "admin.logentry", "fields": {"action_flag": 2, "action_time": "2011-08-26 11:36:09", "object_repr": "compute2", "object_id": "3", "change_message": "Changed local_boot.", "user": 1, "content_type": 12}}, {"pk": 44, "model": "admin.logentry", "fields": {"action_flag": 2, "action_time": "2011-08-26 11:26:48", "object_repr": "compute3", "object_id": "4", "change_message": "Changed mac_address.", "user": 1, "content_type": 12}}, {"pk": 43, "model": "admin.logentry", "fields": {"action_flag": 2, "action_time": "2011-08-26 11:25:58", "object_repr": "compute3", "object_id": "4", "change_message": "Changed mac_address.", "user": 1, "content_type": 12}}, {"pk": 42, "model": "admin.logentry", "fields": {"action_flag": 2, "action_time": "2011-08-26 00:48:07", "object_repr": "compute3", "object_id": "4", "change_message": "Changed mac_address.", "user": 1, "content_type": 12}}, {"pk": 41, "model": "admin.logentry", "fields": {"action_flag": 2, "action_time": "2011-08-26 00:39:07", "object_repr": "compute2", "object_id": "3", "change_message": "Changed mac_address.", "user": 1, "content_type": 12}}, {"pk": 40, "model": "admin.logentry", "fields": {"action_flag": 2, "action_time": "2011-08-26 00:36:01", "object_repr": "compute2", "object_id": "3", "change_message": "Changed mac_address.", "user": 1, "content_type": 12}}, {"pk": 39, "model": "admin.logentry", "fields": {"action_flag": 2, "action_time": "2011-08-26 00:35:11", "object_repr": "compute2", "object_id": "3", "change_message": "Changed mac_address.", "user": 1, "content_type": 12}}, {"pk": 38, "model": "admin.logentry", "fields": {"action_flag": 2, "action_time": "2011-08-26 00:20:58", "object_repr": "compute1", "object_id": "2", "change_message": "Changed local_boot.", "user": 1, "content_type": 12}}, {"pk": 37, "model": "admin.logentry", "fields": {"action_flag": 3, "action_time": "2011-08-26 00:20:22", "object_repr": "nova-compute-ha", "object_id": "5", "change_message": "", "user": 1, "content_type": 14}}, {"pk": 36, "model": "admin.logentry", "fields": {"action_flag": 2, "action_time": "2011-08-26 00:20:04", "object_repr": "nova-ha-compute-node", "object_id": "2", "change_message": "Changed name.", "user": 1, "content_type": 15}}, {"pk": 35, "model": "admin.logentry", "fields": {"action_flag": 1, "action_time": "2011-08-26 00:18:52", "object_repr": "nova-compute-ha", "object_id": "5", "change_message": "", "user": 1, "content_type": 14}}, {"pk": 34, "model": "admin.logentry", "fields": {"action_flag": 1, "action_time": "2011-08-26 00:06:50", "object_repr": "compute3", "object_id": "4", "change_message": "", "user": 1, "content_type": 12}}, {"pk": 33, "model": "admin.logentry", "fields": {"action_flag": 1, "action_time": "2011-08-25 23:58:44", "object_repr": "compute2", "object_id": "3", "change_message": "", "user": 1, "content_type": 12}}, {"pk": 32, "model": "admin.logentry", "fields": {"action_flag": 2, "action_time": "2011-08-25 23:52:38", "object_repr": "compute1", "object_id": "2", "change_message": "Changed local_boot.", "user": 1, "content_type": 12}}, {"pk": 31, "model": "admin.logentry", "fields": {"action_flag": 1, "action_time": "2011-08-25 23:52:24", "object_repr": "compute1", "object_id": "2", "change_message": "", "user": 1, "content_type": 12}}, {"pk": 30, "model": "admin.logentry", "fields": {"action_flag": 2, "action_time": "2011-08-25 23:29:08", "object_repr": "infra1", "object_id": "1", "change_message": "Changed local_boot.", "user": 1, "content_type": 12}}, {"pk": 29, "model": "admin.logentry", "fields": {"action_flag": 2, "action_time": "2011-08-25 23:29:05", "object_repr": "infra1", "object_id": "1", "change_message": "Changed local_boot.", "user": 1, "content_type": 12}}, {"pk": 27, "model": "admin.logentry", "fields": {"action_flag": 2, "action_time": "2011-08-25 23:16:38", "object_repr": "webservice_host", "object_id": "3", "change_message": "Changed value.", "user": 1, "content_type": 10}}, {"pk": 28, "model": "admin.logentry", "fields": {"action_flag": 2, "action_time": "2011-08-25 23:16:38", "object_repr": "webservice_port", "object_id": "2", "change_message": "Changed value.", "user": 1, "content_type": 10}}, {"pk": 24, "model": "admin.logentry", "fields": {"action_flag": 2, "action_time": "2011-08-25 23:16:37", "object_repr": "gateway", "object_id": "5", "change_message": "Changed value.", "user": 1, "content_type": 10}}, {"pk": 25, "model": "admin.logentry", "fields": {"action_flag": 2, "action_time": "2011-08-25 23:16:37", "object_repr": "nameserver", "object_id": "4", "change_message": "Changed value.", "user": 1, "content_type": 10}}, {"pk": 26, "model": "admin.logentry", "fields": {"action_flag": 2, "action_time": "2011-08-25 23:16:37", "object_repr": "puppet_server", "object_id": "6", "change_message": "Changed value.", "user": 1, "content_type": 10}}, {"pk": 23, "model": "admin.logentry", "fields": {"action_flag": 2, "action_time": "2011-08-25 23:07:14", "object_repr": "infra1", "object_id": "1", "change_message": "Changed local_boot.", "user": 1, "content_type": 12}}, {"pk": 22, "model": "admin.logentry", "fields": {"action_flag": 1, "action_time": "2011-08-25 23:02:19", "object_repr": "infra1", "object_id": "1", "change_message": "", "user": 1, "content_type": 12}}, {"pk": 21, "model": "admin.logentry", "fields": {"action_flag": 1, "action_time": "2011-08-25 22:57:15", "object_repr": "dev_mode", "object_id": "1097", "change_message": "", "user": 1, "content_type": 10}}, {"pk": 19, "model": "admin.logentry", "fields": {"action_flag": 2, "action_time": "2011-08-25 22:56:13", "object_repr": "vmnet_vlan", "object_id": "1027", "change_message": "Changed value.", "user": 1, "content_type": 10}}, {"pk": 20, "model": "admin.logentry", "fields": {"action_flag": 2, "action_time": "2011-08-25 22:56:13", "object_repr": "vncproxy_host", "object_id": "1021", "change_message": "Changed value.", "user": 1, "content_type": 10}}, {"pk": 10, "model": "admin.logentry", "fields": {"action_flag": 2, "action_time": "2011-08-25 22:56:12", "object_repr": "api_dmz_ip", "object_id": "1096", "change_message": "Changed value.", "user": 1, "content_type": 10}}, {"pk": 11, "model": "admin.logentry", "fields": {"action_flag": 2, "action_time": "2011-08-25 22:56:12", "object_repr": "api_vip", "object_id": "1019", "change_message": "Changed value.", "user": 1, "content_type": 10}}, {"pk": 12, "model": "admin.logentry", "fields": {"action_flag": 2, "action_time": "2011-08-25 22:56:12", "object_repr": "dhcp_start", "object_id": "1008", "change_message": "Changed value.", "user": 1, "content_type": 10}}, {"pk": 13, "model": "admin.logentry", "fields": {"action_flag": 2, "action_time": "2011-08-25 22:56:12", "object_repr": "flat_interface", "object_id": "1000", "change_message": "Changed value.", "user": 1, "content_type": 10}}, {"pk": 14, "model": "admin.logentry", "fields": {"action_flag": 2, "action_time": "2011-08-25 22:56:12", "object_repr": "floating_range", "object_id": "1009", "change_message": "Changed value.", "user": 1, "content_type": 10}}, {"pk": 15, "model": "admin.logentry", "fields": {"action_flag": 2, "action_time": "2011-08-25 22:56:12", "object_repr": "glance_vip", "object_id": "1020", "change_message": "Changed value.", "user": 1, "content_type": 10}}, {"pk": 16, "model": "admin.logentry", "fields": {"action_flag": 2, "action_time": "2011-08-25 22:56:12", "object_repr": "mgmt_vlan", "object_id": "1068", "change_message": "Changed value.", "user": 1, "content_type": 10}}, {"pk": 17, "model": "admin.logentry", "fields": {"action_flag": 2, "action_time": "2011-08-25 22:56:12", "object_repr": "mysql_vip", "object_id": "1018", "change_message": "Changed value.", "user": 1, "content_type": 10}}, {"pk": 18, "model": "admin.logentry", "fields": {"action_flag": 2, "action_time": "2011-08-25 22:56:12", "object_repr": "rabbitmq_vip", "object_id": "1022", "change_message": "Changed value.", "user": 1, "content_type": 10}}, {"pk": 9, "model": "admin.logentry", "fields": {"action_flag": 2, "action_time": "2011-08-25 22:23:39", "object_repr": "prod", "object_id": "6", "change_message": "Changed claim.", "user": 1, "content_type": 11}}, {"pk": 8, "model": "admin.logentry", "fields": {"action_flag": 3, "action_time": "2011-08-25 22:23:28", "object_repr": "Piattstack", "object_id": "7", "change_message": "", "user": 1, "content_type": 11}}, {"pk": 7, "model": "admin.logentry", "fields": {"action_flag": 1, "action_time": "2011-08-25 22:22:37", "object_repr": "Piattstack", "object_id": "7", "change_message": "", "user": 1, "content_type": 11}}, {"pk": 1, "model": "admin.logentry", "fields": {"action_flag": 3, "action_time": "2011-08-25 22:22:23", "object_repr": "Xenserver", "object_id": "7", "change_message": "", "user": 1, "content_type": 11}}, {"pk": 2, "model": "admin.logentry", "fields": {"action_flag": 3, "action_time": "2011-08-25 22:22:23", "object_repr": "staging", "object_id": "5", "change_message": "", "user": 1, "content_type": 11}}, {"pk": 3, "model": "admin.logentry", "fields": {"action_flag": 3, "action_time": "2011-08-25 22:22:23", "object_repr": "dev2", "object_id": "4", "change_message": "", "user": 1, "content_type": 11}}, {"pk": 4, "model": "admin.logentry", "fields": {"action_flag": 3, "action_time": "2011-08-25 22:22:23", "object_repr": "dev1", "object_id": "3", "change_message": "", "user": 1, "content_type": 11}}, {"pk": 5, "model": "admin.logentry", "fields": {"action_flag": 3, "action_time": "2011-08-25 22:22:23", "object_repr": "microsoft", "object_id": "2", "change_message": "", "user": 1, "content_type": 11}}, {"pk": 6, "model": "admin.logentry", "fields": {"action_flag": 3, "action_time": "2011-08-25 22:22:23", "object_repr": "test", "object_id": "1", "change_message": "", "user": 1, "content_type": 11}}, {"pk": 1, "model": "rolemapper.config", "fields": {"cluster": null, "value": "lab", "key": "domainname", "description": "???"}}, {"pk": 2, "model": "rolemapper.config", "fields": {"cluster": null, "value": "8000", "key": "webservice_port", "description": "port for this webservice"}}, {"pk": 3, "model": "rolemapper.config", "fields": {"cluster": null, "value": "*** CHANGE *** IPOfDjeepNode", "key": "webservice_host", "description": "ip for this webservice"}}, {"pk": 4, "model": "rolemapper.config", "fields": {"cluster": null, "value": "*** CHANGE *** 72.3.128.240", "key": "nameserver", "description": "ip nameserver to use, probably this host"}}, {"pk": 5, "model": "rolemapper.config", "fields": {"cluster": null, "value": "*** CHANGE *** Default Gateway of Public Interface", "key": "gateway", "description": "ip of gateway to use"}}, {"pk": 6, "model": "rolemapper.config", "fields": {"cluster": null, "value": "*** CHANGE *** HostnameOfInfraNode", "key": "puppet_server", "description": "hostname of puppet server to use, probably this host"}}, {"pk": 7, "model": "rolemapper.config", "fields": {"cluster": null, "value": "1", "key": "num_networks", "description": ""}}, {"pk": 1000, "model": "rolemapper.config", "fields": {"cluster": 6, "value": "*** CHANGE *** eth0.159", "key": "flat_interface", "description": ""}}, {"pk": 1001, "model": "rolemapper.config", "fields": {"cluster": null, "value": "eth0", "key": "public_interface", "description": ""}}, {"pk": 1002, "model": "rolemapper.config", "fields": {"cluster": null, "value": "true", "key": "use_keystone", "description": ""}}, {"pk": 1004, "model": "rolemapper.config", "fields": {"cluster": null, "value": "true", "key": "use_glance", "description": ""}}, {"pk": 1005, "model": "rolemapper.config", "fields": {"cluster": null, "value": "FlatDHCPManager", "key": "network_manager", "description": ""}}, {"pk": 1006, "model": "rolemapper.config", "fields": {"cluster": null, "value": "kvm", "key": "libvirt_type", "description": ""}}, {"pk": 1007, "model": "rolemapper.config", "fields": {"cluster": 6, "value": "*** CHANGE *** 10.4.96.0/20", "key": "fixed_range", "description": ""}}, {"pk": 1008, "model": "rolemapper.config", "fields": {"cluster": 6, "value": "*** CHANGE *** 10.4.96.50", "key": "dhcp_start", "description": ""}}, {"pk": 1009, "model": "rolemapper.config", "fields": {"cluster": 6, "value": "*** CHANGE *** 64.39.0.0/28", "key": "floating_range", "description": ""}}, {"pk": 1010, "model": "rolemapper.config", "fields": {"cluster": null, "value": "admin", "key": "nova_admin_username", "description": ""}}, {"pk": 1011, "model": "rolemapper.config", "fields": {"cluster": null, "value": "*** CHANGE *** secretah", "key": "nova_admin_password", "description": ""}}, {"pk": 1012, "model": "rolemapper.config", "fields": {"cluster": null, "value": "*** CHANGE *** FancyPassword#1", "key": "mysql_nova_password", "description": ""}}, {"pk": 1013, "model": "rolemapper.config", "fields": {"cluster": null, "value": "*** CHANGE *** FancyPassword#1", "key": "mysql_root_password", "description": ""}}, {"pk": 1014, "model": "rolemapper.config", "fields": {"cluster": null, "value": "*** CHANGE *** VerySecurePassword#4", "key": "root_password", "description": ""}}, {"pk": 1018, "model": "rolemapper.config", "fields": {"cluster": 6, "value": "*** CHANGE *** PublicOrPrivateIPOfMySQLNode", "key": "mysql_vip", "description": ""}}, {"pk": 1019, "model": "rolemapper.config", "fields": {"cluster": 6, "value": "*** CHANGE *** PublicOrPrivateIPOfAPINode", "key": "api_vip", "description": ""}}, {"pk": 1020, "model": "rolemapper.config", "fields": {"cluster": 6, "value": "*** CHANGE *** PublicOrPrivateIPofGlanceNode:9292", "key": "glance_vip", "description": ""}}, {"pk": 1021, "model": "rolemapper.config", "fields": {"cluster": 6, "value": "*** CHANGE *** PublicOrPrivateOfVNCProxyNode:6080", "key": "vncproxy_host", "description": ""}}, {"pk": 1022, "model": "rolemapper.config", "fields": {"cluster": 6, "value": "*** CHANGE *** PublicOrPrivateIPOfRabbitNode", "key": "rabbitmq_vip", "description": ""}}, {"pk": 1023, "model": "rolemapper.config", "fields": {"cluster": null, "value": "RCB", "key": "site_branding", "description": ""}}, {"pk": 1024, "model": "rolemapper.config", "fields": {"cluster": null, "value": "FF75319AAE4", "key": "swift_hash_suffix", "description": ""}}, {"pk": 1025, "model": "rolemapper.config", "fields": {"cluster": null, "value": "True", "key": "swauth_allow_account_management", "description": ""}}, {"pk": 1026, "model": "rolemapper.config", "fields": {"cluster": null, "value": "*** CHANGE ***  SecretKey#4", "key": "swauth_super_admin_key", "description": ""}}, {"pk": 1027, "model": "rolemapper.config", "fields": {"cluster": 6, "value": "*** CHANGE *** 159", "key": "vmnet_vlan", "description": "VLAN for VMs"}}, {"pk": 1061, "model": "rolemapper.config", "fields": {"cluster": 6, "value": "*** CHANGE *** 24", "key": "max_cores", "description": ""}}, {"pk": 1064, "model": "rolemapper.config", "fields": {"cluster": 6, "value": "http://ops.rcb.me/packages", "key": "package_repo", "description": "package_repo"}}, {"pk": 1068, "model": "rolemapper.config", "fields": {"cluster": 6, "value": "*** CHANGE *** 161", "key": "mgmt_vlan", "description": "Management Vlan"}}, {"pk": 1072, "model": "rolemapper.config", "fields": {"cluster": 6, "value": "*** CHANGE *** 10.4.96.1", "key": "vmnet_gateway", "description": ""}}, {"pk": 1073, "model": "rolemapper.config", "fields": {"cluster": 6, "value": "*** CHANGE *** 172.16.100.1", "key": "mgmt_gateway", "description": "Gateway for Management Network"}}, {"pk": 1074, "model": "rolemapper.config", "fields": {"cluster": 6, "value": "*** CHANGE *** 255.255.255.0", "key": "mgmt_netmask", "description": "Netmask for management network"}}, {"pk": 1075, "model": "rolemapper.config", "fields": {"cluster": 6, "value": "*** CHANGE *** 255.255.240.0", "key": "vmnet_netmask", "description": ""}}, {"pk": 1095, "model": "rolemapper.config", "fields": {"cluster": 6, "value": "*** CHANGE *** 4096", "key": "network_size", "description": ""}}, {"pk": 1096, "model": "rolemapper.config", "fields": {"cluster": 6, "value": "*** CHANGE *** 10.4.96.4", "key": "api_dmz_ip", "description": ""}}, {"pk": 1097, "model": "rolemapper.config", "fields": {"cluster": null, "value": "diablo-d5", "key": "package_component", "description": ""}}, {"pk": 6, "model": "rolemapper.cluster", "fields": {"claim": "", "display_name": "example", "short_name": "example"}}, {"pk": 1, "model": "rolemapper.host", "fields": {"vmnet_ip": "10.4.96.4", "mgmt_ip": "172.16.100.2", "hostname": "364263-hyp1.ord1.rvi.local", "netmask": "255.255.255.240", "local_boot": true, "cluster": 6, "state": "unmanaged", "ipmi_ip": "10.12.210.9", "role": 1, "mac_address": "78:2b:cb:28:c2:2d", "kick_target": 1, "ip_address": "50.57.24.180", "gateway": "50.57.24.177"}}, {"pk": 2, "model": "rolemapper.host", "fields": {"vmnet_ip": "10.4.96.5", "mgmt_ip": "172.16.100.3", "hostname": "364265-hyp2.ord1.rvi.local", "netmask": "255.255.255.240", "local_boot": true, "cluster": 6, "state": "unmanaged", "ipmi_ip": "10.12.210.7", "role": 2, "mac_address": "78:2b:cb:29:a0:66", "kick_target": 3, "ip_address": "50.57.24.181", "gateway": "50.57.24.177"}}, {"pk": 3, "model": "rolemapper.host", "fields": {"vmnet_ip": "10.4.96.6", "mgmt_ip": "172.16.100.4", "hostname": "364270-hyp3.ord1.rvi.local", "netmask": "255.255.255.240", "local_boot": true, "cluster": 6, "state": "unmanaged", "ipmi_ip": "10.12.210.5", "role": 2, "mac_address": "78:2b:cb:29:a2:76", "kick_target": 3, "ip_address": "50.57.24.182", "gateway": "50.57.24.177"}}, {"pk": 1, "model": "rolemapper.kicktarget", "fields": {"kernel": "", "post_script": "", "name": "Local Boot", "pxeconfig": "hdd", "preseed": "", "initrd": "", "firstboot": ""}}, {"pk": 2, "model": "rolemapper.kicktarget", "fields": {"kernel": "ubuntu/maverick-amd64/linux", "post_script": "", "name": "Ubuntu Maverick (amd64)", "pxeconfig": "ubuntu", "preseed": "maverick-amd64-preseed.txt", "initrd": "ubuntu/maverick-amd64/initrd.gz", "firstboot": ""}}, {"pk": 3, "model": "rolemapper.kicktarget", "fields": {"kernel": "ubuntu/maverick-amd64/linux", "post_script": "debian.sh", "name": "Puppet Client (maverick-amd64)", "pxeconfig": "ubuntu", "preseed": "maverick-amd64-preseed.txt", "initrd": "ubuntu/maverick-amd64/initrd.gz", "firstboot": "puppet-client.sh"}}, {"pk": 4, "model": "rolemapper.kicktarget", "fields": {"kernel": "xenserver/5.6-fp2/boot/vmlinuz", "post_script": "xenserver.sh", "name": "XenServer 5.6-fp2", "pxeconfig": "xenserver-5.6-fp2", "preseed": "xenserver-5.6-fp2.xml", "initrd": "xenserver/5.6-fp2/boot/xen.gz", "firstboot": ""}}, {"pk": 5, "model": "rolemapper.kicktarget", "fields": {"kernel": "xenserver/6.0/boot/vmlinuz", "post_script": "xenserver.sh", "name": "XenServer 6.0", "pxeconfig": "xenserver-6.0", "preseed": "xenserver-6.0.xml", "initrd": "xenserver/6.0/boot/xen.gz", "firstboot": ""}}, {"pk": 1, "model": "rolemapper.role", "fields": {"name": "nova-infra", "description": "various nova infratructure"}}, {"pk": 2, "model": "rolemapper.role", "fields": {"name": "nova-compute", "description": "compute host"}}, {"pk": 3, "model": "rolemapper.role", "fields": {"name": "swift-proxy", "description": "swift proxy"}}, {"pk": 4, "model": "rolemapper.role", "fields": {"name": "swift-storage", "description": "swift proxy"}}, {"pk": 1, "model": "rolemapper.rolemap", "fields": {"role": 1, "name": "nova-infra-node"}}, {"pk": 2, "model": "rolemapper.rolemap", "fields": {"role": 2, "name": "nova-ha-compute-node"}}, {"pk": 3, "model": "rolemapper.rolemap", "fields": {"role": 3, "name": "swift-proxy-node"}}, {"pk": 4, "model": "rolemapper.rolemap", "fields": {"role": 4, "name": "swift-storage-node"}}, {"pk": 1, "model": "south.migrationhistory", "fields": {"applied": "2011-08-26 03:19:34", "app_name": "rolemapper", "migration": "0001_initial"}}, {"pk": 22, "model": "auth.permission", "fields": {"codename": "add_logentry", "name": "Can add log entry", "content_type": 8}}, {"pk": 23, "model": "auth.permission", "fields": {"codename": "change_logentry", "name": "Can change log entry", "content_type": 8}}, {"pk": 24, "model": "auth.permission", "fields": {"codename": "delete_logentry", "name": "Can delete log entry", "content_type": 8}}, {"pk": 4, "model": "auth.permission", "fields": {"codename": "add_group", "name": "Can add group", "content_type": 2}}, {"pk": 5, "model": "auth.permission", "fields": {"codename": "change_group", "name": "Can change group", "content_type": 2}}, {"pk": 6, "model": "auth.permission", "fields": {"codename": "delete_group", "name": "Can delete group", "content_type": 2}}, {"pk": 10, "model": "auth.permission", "fields": {"codename": "add_message", "name": "Can add message", "content_type": 4}}, {"pk": 11, "model": "auth.permission", "fields": {"codename": "change_message", "name": "Can change message", "content_type": 4}}, {"pk": 12, "model": "auth.permission", "fields": {"codename": "delete_message", "name": "Can delete message", "content_type": 4}}, {"pk": 1, "model": "auth.permission", "fields": {"codename": "add_permission", "name": "Can add permission", "content_type": 1}}, {"pk": 2, "model": "auth.permission", "fields": {"codename": "change_permission", "name": "Can change permission", "content_type": 1}}, {"pk": 3, "model": "auth.permission", "fields": {"codename": "delete_permission", "name": "Can delete permission", "content_type": 1}}, {"pk": 7, "model": "auth.permission", "fields": {"codename": "add_user", "name": "Can add user", "content_type": 3}}, {"pk": 8, "model": "auth.permission", "fields": {"codename": "change_user", "name": "Can change user", "content_type": 3}}, {"pk": 9, "model": "auth.permission", "fields": {"codename": "delete_user", "name": "Can delete user", "content_type": 3}}, {"pk": 13, "model": "auth.permission", "fields": {"codename": "add_contenttype", "name": "Can add content type", "content_type": 5}}, {"pk": 14, "model": "auth.permission", "fields": {"codename": "change_contenttype", "name": "Can change content type", "content_type": 5}}, {"pk": 15, "model": "auth.permission", "fields": {"codename": "delete_contenttype", "name": "Can delete content type", "content_type": 5}}, {"pk": 31, "model": "auth.permission", "fields": {"codename": "add_cluster", "name": "Can add cluster", "content_type": 11}}, {"pk": 32, "model": "auth.permission", "fields": {"codename": "change_cluster", "name": "Can change cluster", "content_type": 11}}, {"pk": 33, "model": "auth.permission", "fields": {"codename": "delete_cluster", "name": "Can delete cluster", "content_type": 11}}, {"pk": 28, "model": "auth.permission", "fields": {"codename": "add_config", "name": "Can add config", "content_type": 10}}, {"pk": 29, "model": "auth.permission", "fields": {"codename": "change_config", "name": "Can change config", "content_type": 10}}, {"pk": 30, "model": "auth.permission", "fields": {"codename": "delete_config", "name": "Can delete config", "content_type": 10}}, {"pk": 34, "model": "auth.permission", "fields": {"codename": "add_host", "name": "Can add host", "content_type": 12}}, {"pk": 35, "model": "auth.permission", "fields": {"codename": "change_host", "name": "Can change host", "content_type": 12}}, {"pk": 36, "model": "auth.permission", "fields": {"codename": "delete_host", "name": "Can delete host", "content_type": 12}}, {"pk": 37, "model": "auth.permission", "fields": {"codename": "add_kicktarget", "name": "Can add kick target", "content_type": 13}}, {"pk": 38, "model": "auth.permission", "fields": {"codename": "change_kicktarget", "name": "Can change kick target", "content_type": 13}}, {"pk": 39, "model": "auth.permission", "fields": {"codename": "delete_kicktarget", "name": "Can delete kick target", "content_type": 13}}, {"pk": 40, "model": "auth.permission", "fields": {"codename": "add_role", "name": "Can add role", "content_type": 14}}, {"pk": 41, "model": "auth.permission", "fields": {"codename": "change_role", "name": "Can change role", "content_type": 14}}, {"pk": 42, "model": "auth.permission", "fields": {"codename": "delete_role", "name": "Can delete role", "content_type": 14}}, {"pk": 43, "model": "auth.permission", "fields": {"codename": "add_rolemap", "name": "Can add role map", "content_type": 15}}, {"pk": 44, "model": "auth.permission", "fields": {"codename": "change_rolemap", "name": "Can change role map", "content_type": 15}}, {"pk": 45, "model": "auth.permission", "fields": {"codename": "delete_rolemap", "name": "Can delete role map", "content_type": 15}}, {"pk": 16, "model": "auth.permission", "fields": {"codename": "add_session", "name": "Can add session", "content_type": 6}}, {"pk": 17, "model": "auth.permission", "fields": {"codename": "change_session", "name": "Can change session", "content_type": 6}}, {"pk": 18, "model": "auth.permission", "fields": {"codename": "delete_session", "name": "Can delete session", "content_type": 6}}, {"pk": 19, "model": "auth.permission", "fields": {"codename": "add_site", "name": "Can add site", "content_type": 7}}, {"pk": 20, "model": "auth.permission", "fields": {"codename": "change_site", "name": "Can change site", "content_type": 7}}, {"pk": 21, "model": "auth.permission", "fields": {"codename": "delete_site", "name": "Can delete site", "content_type": 7}}, {"pk": 25, "model": "auth.permission", "fields": {"codename": "add_migrationhistory", "name": "Can add migration history", "content_type": 9}}, {"pk": 26, "model": "auth.permission", "fields": {"codename": "change_migrationhistory", "name": "Can change migration history", "content_type": 9}}, {"pk": 27, "model": "auth.permission", "fields": {"codename": "delete_migrationhistory", "name": "Can delete migration history", "content_type": 9}}, {"pk": 1, "model": "auth.user", "fields": {"username": "root", "first_name": "", "last_name": "", "is_active": true, "is_superuser": true, "is_staff": true, "last_login": "2011-09-20 08:53:04", "groups": [], "user_permissions": [], "password": "sha1$d6a70$526032c7363945db46815126f137e0f732445bed", "email": "root@example.com", "date_joined": "2011-07-12 18:05:18"}}]